{
  "data_mode": "fixed_total",
  "n_total": 100000,
  "n_per_component": 20000,
  "min_position": 10,
  "hyperparameters": {
    "lr": 0.0003,
    "weight_decay": 0.0001,
    "grad_clip": 1.0,
    "batch_size": 512
  },
  "results_by_K": {
    "2": {
      "k95": 7,
      "best_val_loss": 1.0546408555984497,
      "n_train": 100000,
      "n_val": 10000
    },
    "3": {
      "k95": 6,
      "best_val_loss": 1.0748918283462525,
      "n_train": 100000,
      "n_val": 10000
    },
    "4": {
      "k95": 8,
      "best_val_loss": 1.0833136615753174,
      "n_train": 100000,
      "n_val": 10000
    },
    "5": {
      "k95": 8,
      "best_val_loss": 1.040821569633484,
      "n_train": 100000,
      "n_val": 10000
    }
  },
  "cev_curves": {
    "2": [
      0.43510279059410095,
      0.8072091937065125,
      0.8607797026634216,
      0.902671754360199,
      0.9256447553634644,
      0.9482508301734924,
      0.9687939286231995,
      0.98023521900177,
      0.9900966882705688,
      0.9954654574394226,
      0.997450590133667,
      0.9983150362968445,
      0.998974621295929,
      0.9994310736656189,
      0.9997522234916687,
      0.9998763799667358,
      0.9999433159828186,
      0.9999645948410034,
      0.9999769926071167,
      0.9999826550483704
    ],
    "3": [
      0.41298022866249084,
      0.7611048221588135,
      0.8491928577423096,
      0.9018862843513489,
      0.9296616911888123,
      0.9503692984580994,
      0.966436505317688,
      0.9774242043495178,
      0.9840798377990723,
      0.9896928668022156,
      0.9945573210716248,
      0.9969319105148315,
      0.9985476732254028,
      0.9992446899414062,
      0.9996312856674194,
      0.9997842907905579,
      0.9998747706413269,
      0.9999192953109741,
      0.9999583959579468,
      0.9999687671661377
    ],
    "4": [
      0.29520195722579956,
      0.5766546130180359,
      0.7667375802993774,
      0.835802435874939,
      0.894308865070343,
      0.9273099899291992,
      0.9480459094047546,
      0.9650754332542419,
      0.9775764346122742,
      0.9882518649101257,
      0.9945037364959717,
      0.9969269037246704,
      0.998108983039856,
      0.9989292025566101,
      0.9994884133338928,
      0.9998179078102112,
      0.9998772740364075,
      0.9999226331710815,
      0.9999425411224365,
      0.9999606609344482
    ],
    "5": [
      0.36357468366622925,
      0.6356613636016846,
      0.7981643676757812,
      0.844464898109436,
      0.8796495199203491,
      0.9128537774085999,
      0.9409700036048889,
      0.9597635269165039,
      0.9706058502197266,
      0.9787825345993042,
      0.9856641292572021,
      0.9909529685974121,
      0.9953669905662537,
      0.997710645198822,
      0.9985225796699524,
      0.9990196824073792,
      0.9993561506271362,
      0.9995870590209961,
      0.9996926188468933,
      0.9997758865356445
    ]
  },
  "theoretical_prediction": {
    "2": 5,
    "3": 8,
    "4": 11,
    "5": 14
  }
}