{
  "results_by_K": {
    "2": {
      "k95": 3,
      "best_val_loss": 1.054626781654358
    },
    "3": {
      "k95": 5,
      "best_val_loss": "existing"
    },
    "4": {
      "k95": 3,
      "best_val_loss": 1.0828991598129272
    }
  },
  "cev_curves": {
    "2": [
      0.5057038068771362,
      0.8586090803146362,
      0.9888485670089722,
      0.998917281627655,
      0.9999983906745911,
      0.9999999403953552,
      0.9999999403953552,
      0.9999999403953552,
      0.9999999403953552,
      0.9999999403953552,
      0.9999999403953552,
      0.9999999403953552,
      0.9999999403953552,
      0.9999999403953552,
      0.9999999403953552,
      0.9999999403953552,
      0.9999999403953552,
      0.9999999403953552,
      0.9999999403953552,
      0.9999999403953552
    ],
    "3": [
      0.4385201334953308,
      0.8194574117660522,
      0.8926288485527039,
      0.9376725554466248,
      0.9660397171974182,
      0.9795641899108887,
      0.9871548414230347,
      0.9919106960296631,
      0.994529128074646,
      0.9969305992126465,
      0.9986500144004822,
      0.9993469715118408,
      0.9996930360794067,
      0.9998906850814819,
      0.999980092048645,
      0.9999930262565613,
      0.9999985694885254,
      0.9999999403953552,
      1.0,
      1.0
    ],
    "4": [
      0.43307846784591675,
      0.829002857208252,
      0.9839646816253662,
      0.9992935657501221,
      0.9999980926513672,
      0.9999995827674866,
      0.9999998807907104,
      1.0000001192092896,
      1.0000001192092896,
      1.0000001192092896,
      1.0000001192092896,
      1.0000001192092896,
      1.0000001192092896,
      1.0000001192092896,
      1.0000001192092896,
      1.0000001192092896,
      1.0000001192092896,
      1.0000001192092896,
      1.0000001192092896,
      1.0000001192092896
    ]
  },
  "theoretical_prediction": {
    "2": 5,
    "3": 8,
    "4": 11
  }
}