{
  "data_mode": "per_component",
  "n_total": null,
  "n_per_component": 20000,
  "min_position": 10,
  "hyperparameters": {
    "lr": 0.0003,
    "weight_decay": 0.0001,
    "grad_clip": 1.0,
    "batch_size": 512
  },
  "results_by_K": {
    "2": {
      "k95": 11,
      "best_val_loss": 1.0541125659942627,
      "n_train": 40000,
      "n_val": 4000
    },
    "3": {
      "k95": 10,
      "best_val_loss": 1.0751590817769368,
      "n_train": 60000,
      "n_val": 6000
    },
    "4": {
      "k95": 9,
      "best_val_loss": 1.0832949533462524,
      "n_train": 80000,
      "n_val": 8000
    },
    "5": {
      "k95": 8,
      "best_val_loss": 1.040821569633484,
      "n_train": 100000,
      "n_val": 10000
    }
  },
  "cev_curves": {
    "2": [
      0.3454941213130951,
      0.6890952587127686,
      0.7917846441268921,
      0.8400216698646545,
      0.8710755705833435,
      0.8958002924919128,
      0.9139524698257446,
      0.9302719235420227,
      0.9408654570579529,
      0.949411153793335,
      0.9570465683937073,
      0.9640230536460876,
      0.9693130850791931,
      0.9724944829940796,
      0.9752856492996216,
      0.9775221347808838,
      0.9796234369277954,
      0.9816562533378601,
      0.9833311438560486,
      0.9846824407577515
    ],
    "3": [
      0.31439444422721863,
      0.5879384279251099,
      0.7696926593780518,
      0.8205742239952087,
      0.8610779643058777,
      0.8886759877204895,
      0.9127362966537476,
      0.9309700131416321,
      0.9413211941719055,
      0.9510579705238342,
      0.959867000579834,
      0.9661707282066345,
      0.9717114567756653,
      0.9761022925376892,
      0.9797589778900146,
      0.9826289415359497,
      0.9848349690437317,
      0.9865037798881531,
      0.9880669713020325,
      0.9892934560775757
    ],
    "4": [
      0.2952382564544678,
      0.5743769407272339,
      0.7594013214111328,
      0.8219597339630127,
      0.8770352602005005,
      0.9074698686599731,
      0.9296607375144958,
      0.9468749165534973,
      0.9623275399208069,
      0.9740939736366272,
      0.9818917512893677,
      0.9869714975357056,
      0.991613507270813,
      0.9955422282218933,
      0.9969828128814697,
      0.9977784752845764,
      0.9984387159347534,
      0.9988109469413757,
      0.9990631937980652,
      0.9992939233779907
    ],
    "5": [
      0.36357468366622925,
      0.6356613636016846,
      0.7981643676757812,
      0.844464898109436,
      0.8796495199203491,
      0.9128537774085999,
      0.9409700036048889,
      0.9597635269165039,
      0.9706058502197266,
      0.9787825345993042,
      0.9856641292572021,
      0.9909529685974121,
      0.9953669905662537,
      0.997710645198822,
      0.9985225796699524,
      0.9990196824073792,
      0.9993561506271362,
      0.9995870590209961,
      0.9996926188468933,
      0.9997758865356445
    ]
  },
  "theoretical_prediction": {
    "2": 5,
    "3": 8,
    "4": 11,
    "5": 14
  }
}