{
  "results_by_K": {
    "2": {
      "k95": 3,
      "best_val_loss": 1.0514174827575684
    },
    "3": {
      "k95": 10,
      "best_val_loss": "existing"
    },
    "4": {
      "k95": 5,
      "best_val_loss": 1.0830719953536987
    }
  },
  "cev_curves": {
    "2": [
      0.44869551062583923,
      0.8476495742797852,
      0.9556987285614014,
      0.9750964641571045,
      0.9887939691543579,
      0.9938468337059021,
      0.996806263923645,
      0.9982324838638306,
      0.9990732073783875,
      0.9994960427284241,
      0.9996876120567322,
      0.999800443649292,
      0.9998807907104492,
      0.9999297857284546,
      0.9999668598175049,
      0.9999846816062927,
      0.9999913573265076,
      0.9999955892562866,
      0.9999983906745911,
      0.9999992847442627
    ],
    "3": [
      0.3755744993686676,
      0.6959091424942017,
      0.8278088569641113,
      0.8584973216056824,
      0.8829675316810608,
      0.9020429849624634,
      0.9193747043609619,
      0.9337891936302185,
      0.9459273815155029,
      0.9563286304473877,
      0.9652255177497864,
      0.9734846353530884,
      0.9803850650787354,
      0.9855377078056335,
      0.9897490739822388,
      0.9935253262519836,
      0.9964709877967834,
      0.9987161755561829,
      0.9994691610336304,
      0.9999133348464966
    ],
    "4": [
      0.3825249969959259,
      0.7067290544509888,
      0.9126795530319214,
      0.9448278546333313,
      0.9666833281517029,
      0.9803991913795471,
      0.990363597869873,
      0.9965510368347168,
      0.9990136623382568,
      0.9994192719459534,
      0.9997074604034424,
      0.999853253364563,
      0.9999105930328369,
      0.9999493360519409,
      0.9999682903289795,
      0.9999843239784241,
      0.9999921321868896,
      0.9999969005584717,
      0.9999994039535522,
      0.9999998807907104
    ]
  },
  "theoretical_prediction": {
    "2": 5,
    "3": 8,
    "4": 11
  }
}