{
  "components": [
    {
      "name": "C0_slow",
      "x": 0.08,
      "a": 0.75,
      "transition_matrix": [
        [
          [
            0.6299999952316284,
            0.009999999776482582,
            0.009999999776482582
          ],
          [
            0.05999999865889549,
            0.10499999672174454,
            0.009999999776482582
          ],
          [
            0.05999999865889549,
            0.009999999776482582,
            0.10499999672174454
          ]
        ],
        [
          [
            0.10499999672174454,
            0.05999999865889549,
            0.009999999776482582
          ],
          [
            0.009999999776482582,
            0.6299999952316284,
            0.009999999776482582
          ],
          [
            0.009999999776482582,
            0.05999999865889549,
            0.10499999672174454
          ]
        ],
        [
          [
            0.10499999672174454,
            0.009999999776482582,
            0.05999999865889549
          ],
          [
            0.009999999776482582,
            0.10499999672174454,
            0.05999999865889549
          ],
          [
            0.009999999776482582,
            0.009999999776482582,
            0.6299999952316284
          ]
        ]
      ]
    },
    {
      "name": "C1_mid",
      "x": 0.15,
      "a": 0.55,
      "transition_matrix": [
        [
          [
            0.38499999046325684,
            0.03375000134110451,
            0.03375000134110451
          ],
          [
            0.08250000327825546,
            0.1574999988079071,
            0.03375000134110451
          ],
          [
            0.08250000327825546,
            0.03375000134110451,
            0.1574999988079071
          ]
        ],
        [
          [
            0.1574999988079071,
            0.08250000327825546,
            0.03375000134110451
          ],
          [
            0.03375000134110451,
            0.38499999046325684,
            0.03375000134110451
          ],
          [
            0.03375000134110451,
            0.08250000327825546,
            0.1574999988079071
          ]
        ],
        [
          [
            0.1574999988079071,
            0.03375000134110451,
            0.08250000327825546
          ],
          [
            0.03375000134110451,
            0.1574999988079071,
            0.08250000327825546
          ],
          [
            0.03375000134110451,
            0.03375000134110451,
            0.38499999046325684
          ]
        ]
      ]
    },
    {
      "name": "C2_fast",
      "x": 0.25,
      "a": 0.4,
      "transition_matrix": [
        [
          [
            0.20000000298023224,
            0.07500000298023224,
            0.07500000298023224
          ],
          [
            0.10000000149011612,
            0.15000000596046448,
            0.07500000298023224
          ],
          [
            0.10000000149011612,
            0.07500000298023224,
            0.15000000596046448
          ]
        ],
        [
          [
            0.15000000596046448,
            0.10000000149011612,
            0.07500000298023224
          ],
          [
            0.07500000298023224,
            0.20000000298023224,
            0.07500000298023224
          ],
          [
            0.07500000298023224,
            0.10000000149011612,
            0.15000000596046448
          ]
        ],
        [
          [
            0.15000000596046448,
            0.07500000298023224,
            0.10000000149011612
          ],
          [
            0.07500000298023224,
            0.15000000596046448,
            0.10000000149011612
          ],
          [
            0.07500000298023224,
            0.07500000298023224,
            0.20000000298023224
          ]
        ]
      ]
    }
  ],
  "mixture_weights": [
    0.3333333333333333,
    0.3333333333333333,
    0.3333333333333333
  ],
  "ergodicity": [
    {
      "name": "C0_slow",
      "x": 0.08,
      "a": 0.75,
      "all_positive": true,
      "ergodic": true,
      "stationary": [
        0.33333325386047363,
        0.3333333730697632,
        0.3333333432674408
      ],
      "spectral_gap": 0.2399998903274536
    },
    {
      "name": "C1_mid",
      "x": 0.15,
      "a": 0.55,
      "all_positive": true,
      "ergodic": true,
      "stationary": [
        0.33333319425582886,
        0.3333333730697632,
        0.3333333730697632
      ],
      "spectral_gap": 0.4499998688697815
    },
    {
      "name": "C2_fast",
      "x": 0.25,
      "a": 0.4,
      "all_positive": true,
      "ergodic": true,
      "stationary": [
        0.3333333730697632,
        0.3333333432674408,
        0.3333333432674408
      ],
      "spectral_gap": 0.75
    }
  ],
  "vocab_size": 3,
  "K": 3
}