{
  "comp_acc_grid": [
    [
      0.349,
      0.39,
      0.414,
      0.409,
      0.432,
      0.411,
      0.417,
      0.454,
      0.436,
      0.418,
      0.425,
      0.447,
      0.478,
      0.483,
      0.464
    ],
    [
      0.349,
      0.39,
      0.405,
      0.413,
      0.44,
      0.424,
      0.464,
      0.471,
      0.459,
      0.477,
      0.492,
      0.494,
      0.512,
      0.538,
      0.526
    ],
    [
      0.349,
      0.39,
      0.412,
      0.413,
      0.446,
      0.423,
      0.455,
      0.483,
      0.457,
      0.48,
      0.49,
      0.503,
      0.512,
      0.541,
      0.523
    ],
    [
      0.349,
      0.39,
      0.412,
      0.413,
      0.453,
      0.423,
      0.449,
      0.481,
      0.461,
      0.484,
      0.488,
      0.5,
      0.511,
      0.544,
      0.528
    ],
    [
      0.349,
      0.39,
      0.412,
      0.411,
      0.437,
      0.426,
      0.451,
      0.478,
      0.453,
      0.478,
      0.486,
      0.496,
      0.512,
      0.541,
      0.525
    ]
  ],
  "comp_r2_grid": [
    [
      -15.936389923095703,
      -15.633110046386719,
      0.562012791633606,
      0.6507022976875305,
      0.6487829685211182,
      0.5930582880973816,
      0.5819909572601318,
      0.553921639919281,
      0.5013293623924255,
      0.5279586315155029,
      0.4591563045978546,
      0.4728371202945709,
      0.4617006778717041,
      0.4429045021533966,
      0.4245074689388275
    ],
    [
      -15.936389923095703,
      -15.633110046386719,
      0.990079939365387,
      0.9127669930458069,
      0.9144315719604492,
      0.9134888052940369,
      0.9120339751243591,
      0.9052173495292664,
      0.9043648838996887,
      0.8996294140815735,
      0.8814128041267395,
      0.8729910254478455,
      0.8656249046325684,
      0.8615583777427673,
      0.854282557964325
    ],
    [
      -15.936389923095703,
      -15.633110046386719,
      0.992389440536499,
      0.9317336082458496,
      0.9354066848754883,
      0.9252645373344421,
      0.9357718825340271,
      0.9250953793525696,
      0.9226821064949036,
      0.9225916862487793,
      0.9106574058532715,
      0.8937466740608215,
      0.8877738118171692,
      0.8848317265510559,
      0.8743467330932617
    ],
    [
      -15.936389923095703,
      -15.633110046386719,
      0.993689239025116,
      0.9328511357307434,
      0.9388351440429688,
      0.9301432967185974,
      0.9389559626579285,
      0.9281136393547058,
      0.9243640303611755,
      0.9247310757637024,
      0.9121833443641663,
      0.8953492641448975,
      0.8878848552703857,
      0.8862636685371399,
      0.8751567006111145
    ],
    [
      -15.936389923095703,
      -15.677363395690918,
      0.9930930733680725,
      0.9345895648002625,
      0.9424600005149841,
      0.93121337890625,
      0.9378657341003418,
      0.9255585074424744,
      0.9187660217285156,
      0.9186306595802307,
      0.9067667126655579,
      0.8910220265388489,
      0.8844106197357178,
      0.8802339434623718,
      0.8725929260253906
    ]
  ],
  "belief_r2_grid": [
    [
      -15.540492057800293,
      0.733299195766449,
      0.7711998820304871,
      0.7703372836112976,
      0.7526000142097473,
      0.7771651148796082,
      0.7760463356971741,
      0.7705270648002625,
      0.7780910134315491,
      0.7679036259651184,
      0.7835572361946106,
      0.7691424489021301,
      0.7831408977508545,
      0.7639884352684021,
      0.7657017707824707
    ],
    [
      -15.552592277526855,
      0.7334334254264832,
      0.7789826393127441,
      0.7750518321990967,
      0.7632894515991211,
      0.782210648059845,
      0.7815240025520325,
      0.7775207161903381,
      0.7848172187805176,
      0.7803767323493958,
      0.7901137471199036,
      0.7833272814750671,
      0.8015117049217224,
      0.7799685597419739,
      0.7892752289772034
    ],
    [
      -15.552592277526855,
      0.7333998084068298,
      0.7794068455696106,
      0.7751820683479309,
      0.7638878226280212,
      0.782985508441925,
      0.7825989723205566,
      0.7784952521324158,
      0.7872724533081055,
      0.7832112312316895,
      0.7944509387016296,
      0.7866052985191345,
      0.8048412799835205,
      0.7850591540336609,
      0.7933761477470398
    ],
    [
      -15.522273063659668,
      0.7333583831787109,
      0.7791926264762878,
      0.7750563621520996,
      0.763617217540741,
      0.7828264236450195,
      0.7829769253730774,
      0.7788794040679932,
      0.7878265976905823,
      0.7837628722190857,
      0.7948634624481201,
      0.7866914868354797,
      0.8049418926239014,
      0.7851333618164062,
      0.7935569286346436
    ],
    [
      -15.522273063659668,
      0.7331264615058899,
      0.7802813053131104,
      0.7759923338890076,
      0.7612505555152893,
      0.7848592400550842,
      0.7853288650512695,
      0.7811293601989746,
      0.7900290489196777,
      0.7864282131195068,
      0.7986372113227844,
      0.7893831133842468,
      0.8092973828315735,
      0.7909846305847168,
      0.8023565411567688
    ]
  ],
  "layer_keys": [
    "blocks.0.hook_resid_post",
    "blocks.1.hook_resid_post",
    "blocks.2.hook_resid_post",
    "blocks.3.hook_resid_post",
    "ln_final.hook_normalized"
  ]
}