{
  "comp_acc_grid": [
    [
      0.349,
      0.387,
      0.366,
      0.391,
      0.391,
      0.378,
      0.362,
      0.372,
      0.386,
      0.372,
      0.366,
      0.404,
      0.411,
      0.399,
      0.371
    ],
    [
      0.349,
      0.39,
      0.341,
      0.362,
      0.377,
      0.365,
      0.381,
      0.386,
      0.377,
      0.385,
      0.372,
      0.384,
      0.421,
      0.385,
      0.388
    ],
    [
      0.349,
      0.39,
      0.363,
      0.372,
      0.367,
      0.352,
      0.386,
      0.406,
      0.412,
      0.403,
      0.375,
      0.394,
      0.405,
      0.402,
      0.411
    ],
    [
      0.349,
      0.39,
      0.391,
      0.372,
      0.376,
      0.346,
      0.388,
      0.4,
      0.409,
      0.409,
      0.375,
      0.393,
      0.414,
      0.407,
      0.413
    ],
    [
      0.349,
      0.39,
      0.385,
      0.394,
      0.394,
      0.376,
      0.385,
      0.391,
      0.408,
      0.398,
      0.377,
      0.411,
      0.405,
      0.43,
      0.428
    ]
  ],
  "comp_r2_grid": [
    [
      -15.936389923095703,
      -15.637532234191895,
      0.09111350774765015,
      0.11481436342000961,
      0.12559746205806732,
      0.03478918597102165,
      0.10114195197820663,
      0.04138702154159546,
      0.08776601403951645,
      0.05530381202697754,
      0.08369150012731552,
      0.10696729272603989,
      0.09201248735189438,
      0.1222388744354248,
      0.09228545427322388
    ],
    [
      -15.936389923095703,
      -15.743721008300781,
      0.08921388536691666,
      0.13106054067611694,
      0.1646164208650589,
      0.07065767049789429,
      0.14787234365940094,
      0.08834125846624374,
      0.1298411339521408,
      0.1251094788312912,
      0.15250486135482788,
      0.15437252819538116,
      0.1465023010969162,
      0.1924433559179306,
      0.14122360944747925
    ],
    [
      -15.936389923095703,
      -15.532376289367676,
      0.09722229093313217,
      0.14236430823802948,
      0.16694146394729614,
      0.0785086527466774,
      0.15936844050884247,
      0.09645774215459824,
      0.13476036489009857,
      0.11203688383102417,
      0.14478404819965363,
      0.15407423675060272,
      0.15416540205478668,
      0.18398195505142212,
      0.14519615471363068
    ],
    [
      -15.936389923095703,
      -15.633110046386719,
      0.0972219705581665,
      0.1423579454421997,
      0.166934534907341,
      0.07850740104913712,
      0.1593700796365738,
      0.09645668417215347,
      0.1347641497850418,
      0.11203523725271225,
      0.14478594064712524,
      0.1540747880935669,
      0.15416669845581055,
      0.183982253074646,
      0.14519761502742767
    ],
    [
      -15.936389923095703,
      -15.633110046386719,
      0.09802424907684326,
      0.1516646146774292,
      0.1655091792345047,
      0.10446663945913315,
      0.18062137067317963,
      0.11395764350891113,
      0.15568266808986664,
      0.13872142136096954,
      0.16867846250534058,
      0.18020783364772797,
      0.18623851239681244,
      0.19733308255672455,
      0.16483713686466217
    ]
  ],
  "belief_r2_grid": [
    [
      -15.552592277526855,
      0.7288215756416321,
      0.7226834297180176,
      0.6574549674987793,
      0.5871742963790894,
      0.5377635955810547,
      0.48910775780677795,
      0.4372774064540863,
      0.4185168445110321,
      0.39038729667663574,
      0.3583621084690094,
      0.3303746283054352,
      0.3280864655971527,
      0.2802311182022095,
      0.275472491979599
    ],
    [
      -15.552592277526855,
      0.7302266955375671,
      0.739583432674408,
      0.6821233630180359,
      0.6188531517982483,
      0.5859413146972656,
      0.5470482707023621,
      0.5068526268005371,
      0.4941021502017975,
      0.46303102374076843,
      0.42779114842414856,
      0.4029238224029541,
      0.4055097997188568,
      0.35409507155418396,
      0.35121092200279236
    ],
    [
      -15.552592277526855,
      0.7331741452217102,
      0.7658398747444153,
      0.7511146068572998,
      0.7392263412475586,
      0.7384929656982422,
      0.7346301674842834,
      0.720893144607544,
      0.7266823649406433,
      0.7242982387542725,
      0.7091858983039856,
      0.720736026763916,
      0.7224064469337463,
      0.7111999988555908,
      0.7307013869285583
    ],
    [
      -15.552592277526855,
      0.733171284198761,
      0.7658405303955078,
      0.7511144280433655,
      0.739226758480072,
      0.738492488861084,
      0.734630286693573,
      0.7208932042121887,
      0.7266824841499329,
      0.7242981791496277,
      0.7091860771179199,
      0.720736026763916,
      0.7224063873291016,
      0.7111999988555908,
      0.7307016849517822
    ],
    [
      -15.522273063659668,
      0.73294997215271,
      0.7664443850517273,
      0.7502170205116272,
      0.7371829152107239,
      0.736297607421875,
      0.7320877909660339,
      0.717212438583374,
      0.7245495319366455,
      0.7269009947776794,
      0.7073909640312195,
      0.721985399723053,
      0.7210871577262878,
      0.7094829082489014,
      0.7323021292686462
    ]
  ],
  "layer_keys": [
    "blocks.0.hook_resid_post",
    "blocks.1.hook_resid_post",
    "blocks.2.hook_resid_post",
    "blocks.3.hook_resid_post",
    "hook_ln_final"
  ]
}